dataset,mitigation,protected_attribute,model,seed,accuracy,f1,roc_auc,age_dpd,age_eod,age_eopd,age_di_ratio,sex_dpd,sex_eod,sex_eopd,sex_di_ratio,intersection_dpd,intersection_eod,intersection_eopd,intersection_di_ratio
German Credit,Calibrated Equalized Odds,Age,Logistic Regression,42,0.7,0.8228346456692913,,0.007905138339920903,0.01449275362318836,0.005434782608695676,0.9920948616600791,0.009803921568627416,0.01754385964912286,0.006802721088435382,0.9901960784313726,0.010695187165775444,0.020408163265306145,0.007246376811594235,0.9893048128342246
German Credit,Calibrated Equalized Odds,Age,Logistic Regression,123,0.7,0.8235294117647058,,0.0,0.0,0.0,1.0,0.0,0.0,0.0,1.0,0.0,0.0,0.0,1.0
German Credit,Calibrated Equalized Odds,Age,Logistic Regression,456,0.7233333333333334,0.8349900596421471,,0.16279069767441856,0.31818181818181823,0.0,0.8372093023255814,0.03249293631819172,0.07327586206896552,0.0,0.9670450788052463,0.16666666666666663,0.375,0.0,0.8333333333333334
German Credit,Calibrated Equalized Odds,Age,Logistic Regression,789,0.7,0.8221343873517787,,0.08163265306122447,0.08695652173913049,0.08695652173913049,0.9183673469387755,0.026001726677162162,0.032786885245901676,0.032786885245901676,0.973869551903644,0.11111111111111116,0.1428571428571429,0.1428571428571429,0.8888888888888888
German Credit,Calibrated Equalized Odds,Age,Logistic Regression,1000,0.7033333333333334,0.825147347740668,,0.020000000000000018,0.03703703703703709,0.0,0.98,0.01041666666666663,0.02564102564102566,0.0,0.9895833333333334,0.032258064516129004,0.052631578947368474,0.0,0.967741935483871
German Credit,Calibrated Equalized Odds,Age,Random Forest,42,0.6933333333333334,0.8188976377952756,,0.007905138339920903,0.010869565217391353,0.010869565217391353,0.9920948616600791,0.009803921568627416,0.013605442176870763,0.013605442176870763,0.9901960784313726,0.010695187165775444,0.01449275362318836,0.01449275362318836,0.9893048128342246
German Credit,Calibrated Equalized Odds,Age,Random Forest,123,0.7,0.8235294117647058,,0.0,0.0,0.0,1.0,0.0,0.0,0.0,1.0,0.0,0.0,0.0,1.0
German Credit,Calibrated Equalized Odds,Age,Random Forest,456,0.7,0.8235294117647058,,0.0,0.0,0.0,1.0,0.0,0.0,0.0,1.0,0.0,0.0,0.0,1.0
German Credit,Calibrated Equalized Odds,Age,Random Forest,789,0.7,0.8235294117647058,,0.0,0.0,0.0,1.0,0.0,0.0,0.0,1.0,0.0,0.0,0.0,1.0
German Credit,Calibrated Equalized Odds,Age,Random Forest,1000,0.71,0.8284023668639053,,0.03600000000000003,0.05820105820105814,0.0,0.963855421686747,0.03125,0.07692307692307687,0.0,0.96875,0.06451612903225812,0.10526315789473684,0.0,0.9354838709677419
German Credit,Calibrated Equalized Odds,Age,XGBoost,42,0.69,0.8151093439363817,,0.02766798418972327,0.02898550724637683,0.02717391304347827,0.9723320158102767,0.003676470588235281,0.06060606060606055,0.03401360544217691,0.9962453066332916,0.030303030303030276,0.09999999999999998,0.036231884057971064,0.9696969696969697
German Credit,Calibrated Equalized Odds,Age,XGBoost,123,0.6866666666666666,0.8142292490118577,,0.009418888234799416,0.01790817298533054,0.01790817298533054,0.990468085106383,0.019323671497584516,0.0273972602739726,0.0273972602739726,0.9806763285024155,0.04166666666666663,0.0714285714285714,0.0714285714285714,0.9583333333333334
German Credit,Calibrated Equalized Odds,Age,XGBoost,456,0.7,0.8235294117647058,,0.0,0.0,0.0,1.0,0.0,0.0,0.0,1.0,0.0,0.0,0.0,1.0
German Credit,Calibrated Equalized Odds,Age,XGBoost,789,0.7033333333333334,0.8237623762376237,,0.02886413529555254,0.06129807692307687,0.010695187165775444,0.9707867017774852,0.009395155147021494,0.01342281879194629,0.01342281879194629,0.9905069786535303,0.045454545454545414,0.07692307692307687,0.014285714285714235,0.9545454545454546
German Credit,Calibrated Equalized Odds,Age,XGBoost,1000,0.7,0.8235294117647058,,0.0,0.0,0.0,1.0,0.0,0.0,0.0,1.0,0.0,0.0,0.0,1.0
German Credit,Calibrated Equalized Odds,Sex,Logistic Regression,42,0.7,0.8228346456692913,,0.007905138339920903,0.01449275362318836,0.005434782608695676,0.9920948616600791,0.009803921568627416,0.01754385964912286,0.006802721088435382,0.9901960784313726,0.010695187165775444,0.020408163265306145,0.007246376811594235,0.9893048128342246
German Credit,Calibrated Equalized Odds,Sex,Logistic Regression,123,0.7033333333333334,0.825147347740668,,0.0039525691699604515,0.01388888888888884,0.0,0.9960474308300395,0.004830917874396157,0.016393442622950838,0.0,0.9951690821256038,0.005464480874316946,0.019607843137254943,0.0,0.994535519125683
German Credit,Calibrated Equalized Odds,Sex,Logistic Regression,456,0.73,0.8322981366459627,,0.08496968600126686,0.1564171122994653,0.04761904761904767,0.9078598763614955,0.02053901325798735,0.02909482758620685,0.007834757834757733,0.9775747508305649,0.08974358974358976,0.21499999999999997,0.0482758620689655,0.9027777777777778
German Credit,Calibrated Equalized Odds,Sex,Logistic Regression,789,0.6966666666666667,0.8154158215010142,,0.02983982437596555,0.049523366658916546,0.049523366658916546,0.9685302692505573,0.00766847798486614,0.03703703703703709,0.014192980525910448,0.9918921821305843,0.06825396825396834,0.1428571428571429,0.1428571428571429,0.9286898839137644
German Credit,Calibrated Equalized Odds,Sex,Logistic Regression,1000,0.7,0.8207171314741036,,0.03200000000000003,0.06349206349206349,0.021390374331550777,0.968,0.006740196078431349,0.012066365007541546,0.0020639834881320818,0.9930904522613065,0.0461538461538461,0.09999999999999998,0.022222222222222254,0.9538461538461539
German Credit,Calibrated Equalized Odds,Sex,Random Forest,42,0.6933333333333334,0.8188976377952756,,0.007905138339920903,0.010869565217391353,0.010869565217391353,0.9920948616600791,0.009803921568627416,0.013605442176870763,0.013605442176870763,0.9901960784313726,0.010695187165775444,0.01449275362318836,0.01449275362318836,0.9893048128342246
German Credit,Calibrated Equalized Odds,Sex,Random Forest,123,0.7,0.8235294117647058,,0.0,0.0,0.0,1.0,0.0,0.0,0.0,1.0,0.0,0.0,0.0,1.0
German Credit,Calibrated Equalized Odds,Sex,Random Forest,456,0.7,0.8235294117647058,,0.0,0.0,0.0,1.0,0.0,0.0,0.0,1.0,0.0,0.0,0.0,1.0
German Credit,Calibrated Equalized Odds,Sex,Random Forest,789,0.6966666666666667,0.8212180746561886,,0.003984063745019917,0.005347593582887722,0.005347593582887722,0.9960159362549801,0.0049261083743842304,0.006711409395973145,0.006711409395973145,0.9950738916256158,0.0055248618784530246,0.0071428571428571175,0.0071428571428571175,0.994475138121547
German Credit,Calibrated Equalized Odds,Sex,Random Forest,1000,0.71,0.8284023668639053,,0.01200000000000001,0.005291005291005346,0.0,0.9879032258064516,0.015931372549019662,0.03167420814479638,0.0,0.9839901477832512,0.032258064516129004,0.052631578947368474,0.0,0.967741935483871
German Credit,Calibrated Equalized Odds,Sex,XGBoost,42,0.69,0.8151093439363817,,0.02766798418972327,0.02898550724637683,0.02717391304347827,0.9723320158102767,0.003676470588235281,0.06060606060606055,0.03401360544217691,0.9962453066332916,0.030303030303030276,0.09999999999999998,0.036231884057971064,0.9696969696969697
German Credit,Calibrated Equalized Odds,Sex,XGBoost,123,0.6866666666666666,0.8142292490118577,,0.009418888234799416,0.01790817298533054,0.01790817298533054,0.990468085106383,0.019323671497584516,0.0273972602739726,0.0273972602739726,0.9806763285024155,0.04166666666666663,0.0714285714285714,0.0714285714285714,0.9583333333333334
German Credit,Calibrated Equalized Odds,Sex,XGBoost,456,0.7,0.8235294117647058,,0.0,0.0,0.0,1.0,0.0,0.0,0.0,1.0,0.0,0.0,0.0,1.0
German Credit,Calibrated Equalized Odds,Sex,XGBoost,789,0.7033333333333334,0.8237623762376237,,0.02886413529555254,0.06129807692307687,0.010695187165775444,0.9707867017774852,0.009395155147021494,0.01342281879194629,0.01342281879194629,0.9905069786535303,0.045454545454545414,0.07692307692307687,0.014285714285714235,0.9545454545454546
German Credit,Calibrated Equalized Odds,Sex,XGBoost,1000,0.7,0.8235294117647058,,0.0,0.0,0.0,1.0,0.0,0.0,0.0,1.0,0.0,0.0,0.0,1.0
Adult Income,Calibrated Equalized Odds,Age,Logistic Regression,42,0.7788924147814515,0.22857142857142856,,0.04213439994290372,0.15921400680186423,0.15921400680186423,0.20858043184168257,0.03844123663073934,0.017132144079081774,0.01221541720132463,0.342294467020944,0.05812987219476154,0.5455399061032864,0.5455399061032864,0.11943428103892238
Adult Income,Calibrated Equalized Odds,Age,Logistic Regression,123,0.7939400143310472,0.3562519987208187,,0.08316459657101889,0.11696687240206577,0.11696687240206577,0.10987549870623177,0.07445360834600342,0.045072069478149984,0.045072069478149984,0.28053614189806353,0.10990704836226148,0.3053892215568862,0.3053892215568862,0.06693495400788435
Adult Income,Calibrated Equalized Odds,Age,Logistic Regression,456,0.8430750332685024,0.626916524701874,,0.19736683187704865,0.2553470210353949,0.2553470210353949,0.07579843639539235,0.15833866767877608,0.10052707967305785,0.10052707967305785,0.3190183949435223,0.25697130883301095,0.3823355875277992,0.3823355875277992,0.03827592447366834
Adult Income,Calibrated Equalized Odds,Age,Logistic Regression,789,0.8191217115364929,0.5087572977481234,,0.14368219442009691,0.2658390410958904,0.2658390410958904,0.05503570590974443,0.11024637169360674,0.059656291241881265,0.059656291241881265,0.3292313452574377,0.18288413914006704,0.39899749373433585,0.39899749373433585,0.03446154680631267
Adult Income,Calibrated Equalized Odds,Age,Logistic Regression,1000,0.8111372709591566,0.4631946464940355,,0.11656130439456935,0.0619597774925118,0.0619597774925118,0.11226470719117125,0.09643985225924984,0.059211754127008354,0.059211754127008354,0.3252304668662969,0.15244655276425165,0.11346704871060176,0.11346704871060176,0.07453828305575637
Adult Income,Calibrated Equalized Odds,Age,Random Forest,42,0.7810420718599652,0.2390608324439701,,0.03570541104752091,0.15236175840785995,0.15236175840785995,0.3293375239605514,0.036861880829387794,0.016039486736424434,0.002824114802508104,0.3758181519353664,0.05233982257845783,0.5258215962441314,0.5258215962441314,0.20067988344855167
Adult Income,Calibrated Equalized Odds,Age,Random Forest,123,0.7934281912171154,0.3502897617514488,,0.07694053975518506,0.06328252928580427,0.06328252928580427,0.1472423510466989,0.07640958336919208,0.06971319109429264,0.06971319109429264,0.25066381837047885,0.11069410262109568,0.3323353293413174,0.3323353293413174,0.034388600224234164
Adult Income,Calibrated Equalized Odds,Age,Random Forest,456,0.7980345992425018,0.3901081916537867,,0.09237076454131103,0.08527522357979594,0.08527522357979594,0.12988887959399922,0.08516287220041277,0.06799445302997362,0.06799445302997362,0.2826073297846366,0.12333045325269107,0.4848484848484848,0.4848484848484848,0.08475821533529254
Adult Income,Calibrated Equalized Odds,Age,Random Forest,789,0.8054048520831201,0.4289576449384199,,0.10769444195062713,0.242722602739726,0.242722602739726,0.0908298206128495,0.09244304317138619,0.05772854845867026,0.05772854845867026,0.294130558721895,0.14335632658417363,0.3132832080200501,0.3132832080200501,0.04354985449628296
Adult Income,Calibrated Equalized Odds,Age,Random Forest,1000,0.8033575596273927,0.4368220463207271,,0.10691926150293664,0.3521608900299529,0.3521608900299529,0.1578934652554073,0.10125766459378541,0.060289102661984006,0.060289102661984006,0.2861771101588964,0.15194868106793968,0.43925501432664754,0.43925501432664754,0.05913241767143677
Adult Income,Calibrated Equalized Odds,Age,XGBoost,42,0.7703961510901832,0.1323017408123791,,0.011910072198652115,0.34152915984380905,0.34152915984380905,0.5408068814510107,0.016407239134375612,0.004991147975572473,9.24561393678136e-05,0.43856478587058456,0.020804242404403272,0.5990610328638497,0.5990610328638497,0.3356827141321228
Adult Income,Calibrated Equalized Odds,Age,XGBoost,123,0.7900501586651654,0.2959148644009612,,0.05678717761378976,0.1709283285048495,0.1709283285048495,0.1530985809178744,0.0518378802222286,0.04470187974121975,0.04470187974121975,0.30177549088426786,0.07607707465498716,0.3592814371257485,0.3592814371257485,0.09390457013214674
Adult Income,Calibrated Equalized Odds,Age,XGBoost,456,0.8295629030607022,0.5394190871369294,,0.13710966790078616,0.05645547298148379,0.05645547298148379,0.10208130989145628,0.1139307611402848,0.06258850766527796,0.06258850766527796,0.31850590583976435,0.17881205673758865,0.3112449799196787,0.3112449799196787,0.06533827618164967
Adult Income,Calibrated Equalized Odds,Age,XGBoost,789,0.8291534445695568,0.53496795764837,,0.1405303128743187,0.2851027397260274,0.2851027397260274,0.06743162866353758,0.11177288611908806,0.06853428154841829,0.06853428154841829,0.3186677166962155,0.18198984473835,0.4195488721804511,0.4195488721804511,0.034625026629872026
Adult Income,Calibrated Equalized Odds,Age,XGBoost,1000,0.8230115672023749,0.4972375690607735,,0.11609555144214702,0.3050919982884039,0.3050919982884039,0.11664525278750912,0.09674556916539476,0.052162331823348784,0.052162331823348784,0.32453627163285764,0.15499582213264662,0.38481375358166187,0.38481375358166187,0.05803737289974349
Adult Income,Calibrated Equalized Odds,Sex,Logistic Regression,42,0.8103183539768656,0.455480458419042,,0.12121818742811287,0.04210603622863563,0.035646806902632555,0.05898251031239548,0.038655534953607545,0.24393571776782863,0.24393571776782863,0.6785229561453144,0.13195542236373853,0.45238095238095233,0.45238095238095233,0.052887006789003155
Adult Income,Calibrated Equalized Odds,Sex,Logistic Regression,123,0.8297676323062749,0.5604017975151996,,0.16693097378752178,0.2169542763572238,0.2169542763572238,0.0449146753609561,0.11125988506076863,0.04547859094755389,0.04032130118754518,0.3906097581733835,0.20217000670782762,0.34615384615384615,0.34615384615384615,0.03724550228033687
Adult Income,Calibrated Equalized Odds,Sex,Logistic Regression,456,0.8483979936533934,0.6488024662082049,,0.21069851932304298,0.28960826300541626,0.28960826300541626,0.07134455656367181,0.1661410212108681,0.09533267130089373,0.09533267130089373,0.3250844496605234,0.2727514506769826,0.41578541278990605,0.41578541278990605,0.03614149008885851
Adult Income,Calibrated Equalized Odds,Sex,Logistic Regression,789,0.8299723615518477,0.5528936742934051,,0.16186352532313966,0.4396404109589041,0.4396404109589041,0.03216609969265977,0.09163697241838822,0.08444320218535145,0.08444320218535145,0.46161207344060884,0.19269234280877856,0.5161290322580645,0.5161290322580645,0.022374874188855785
Adult Income,Calibrated Equalized Odds,Sex,Logistic Regression,1000,0.8348858634455932,0.5946217642623775,,0.1872661375327495,0.10363714163457427,0.10363714163457427,0.05924111493348676,0.12792457252449121,0.0499876215174794,0.00350350350350348,0.3873480574998378,0.23145242962548512,0.1040241448692153,0.1040241448692153,0.04703091890731991
Adult Income,Calibrated Equalized Odds,Sex,Random Forest,42,0.8075545091616337,0.4340758579169175,,0.10549763484172828,0.07177226350925808,0.07177226350925808,0.10421502470532516,0.03097481471331176,0.24136375607268734,0.24136375607268734,0.7169617070007535,0.11439970031841168,0.5238095238095237,0.5238095238095237,0.09191198334820103
Adult Income,Calibrated Equalized Odds,Sex,Random Forest,123,0.8208619101238612,0.5130773511407902,,0.14145365790337094,0.15785363395893692,0.15785363395893692,0.06393676462475667,0.09476739627260296,0.03973957445808335,0.03973957445808335,0.3997458585420542,0.17642591681916756,0.34615384615384615,0.34615384615384615,0.021856311512778562
Adult Income,Calibrated Equalized Odds,Sex,Random Forest,456,0.8375473436380387,0.6019563581640331,,0.18592177239568672,0.1584078599319813,0.1584078599319813,0.06624161303319402,0.14700559114932957,0.06028804287149714,0.06028804287149714,0.32022946503997957,0.2362737156640386,0.4848484848484848,0.4848484848484848,0.04611041063337318
Adult Income,Calibrated Equalized Odds,Sex,Random Forest,789,0.8214760978605794,0.5139353400222966,,0.14257053434104552,0.3946917808219178,0.3946917808219178,0.05544104253264762,0.08174431584386099,0.0995107164056962,0.0995107164056962,0.4688254356465913,0.17072173527671522,0.4838709677419355,0.4838709677419355,0.036826213993829585
Adult Income,Calibrated Equalized Odds,Sex,Random Forest,1000,0.8249564950353158,0.5485744456177403,,0.1607530575947311,0.1592640136927685,0.1592640136927685,0.08090691645732001,0.11538738462549963,0.05157522318036307,0.01868817970512887,0.37666038792731743,0.20446705353612393,0.16187122736418508,0.16187122736418508,0.044621698762114345
Adult Income,Calibrated Equalized Odds,Sex,XGBoost,42,0.8261848705087522,0.5200678349349915,,0.133720401432107,0.03729849170098245,0.020758281899483533,0.0766760970523409,0.05316101921119756,0.22722917355418204,0.22722917355418204,0.6170308155509123,0.14980780112326447,0.31010101010101004,0.31010101010101004,0.06557176213901622
Adult Income,Calibrated Equalized Odds,Sex,XGBoost,123,0.8497287337496161,0.6196891191709845,,0.17496766685066192,0.21594659276987022,0.21594659276987022,0.049221245037226864,0.11778875852242844,0.032613348906559564,0.01080013867425067,0.3883510572399467,0.2133251027005612,0.2871948410870567,0.2871948410870567,0.0356420674273362
Adult Income,Calibrated Equalized Odds,Sex,XGBoost,456,0.8652881564131436,0.6868158019990481,,0.20956985800077382,0.14397279254314144,0.14397279254314144,0.06922948483318608,0.16799085891458815,0.08420053706891995,0.08420053706891995,0.3150091306296968,0.26906028368794327,0.303030303030303,0.303030303030303,0.04439546599496222
Adult Income,Calibrated Equalized Odds,Sex,XGBoost,789,0.8492169106356843,0.620067062161465,,0.17970966749277645,0.514554794520548,0.514554794520548,0.03838105219992186,0.11289083704611415,0.05481244128885021,0.05481244128885021,0.41780582609075423,0.2175827619266884,0.5659824046920822,0.5659824046920822,0.02912592024571837
Adult Income,Calibrated Equalized Odds,Sex,XGBoost,1000,0.8543351417750026,0.6420125786163522,,0.18463018178461166,0.12494651262302092,0.12494651262302092,0.06842533903301887,0.12777588250769717,0.040571702053602506,0.016457135101202947,0.38671326238785414,0.23189132311848637,0.16076458752515088,0.16076458752515088,0.039553309815860825
