dataset,model,seed,accuracy,f1,roc_auc,age_dpd,age_eod,age_eopd,age_di_ratio,sex_dpd,sex_eod,sex_eopd,sex_di_ratio,intersection_dpd,intersection_eod,intersection_eopd,intersection_di_ratio
German Credit,Logistic Regression,42,0.7066666666666667,0.8174273858921162,0.6473544973544973,0.04070305272895458,0.03105590062111796,0.017140468227424654,0.9554204660587641,0.01593137254901955,0.023923444976076458,0.0022675736961451642,0.9825268817204301,0.10784313725490191,0.11764705882352944,0.11764705882352944,0.8854166666666667
German Credit,Logistic Regression,123,0.7133333333333334,0.823045267489712,0.6586243386243388,0.10697165923807928,0.10478186321204042,0.10478186321204042,0.8858066253703204,0.02244039270687237,0.026003391746749482,0.023544520547945202,0.9760119940029985,0.16547619047619055,0.19387755102040816,0.19387755102040816,0.8271144278606964
German Credit,Logistic Regression,456,0.6933333333333334,0.7991266375545851,0.6452910052910052,0.17772147316984888,0.28042328042328035,0.28042328042328035,0.791441010937666,0.0015214083894805608,0.0431034482758621,0.0014245014245014564,0.9981605570884247,0.2758913412563667,0.36363636363636365,0.36363636363636365,0.6772591857000994
German Credit,Logistic Regression,789,0.6966666666666667,0.8100208768267223,0.6113756613756615,0.0960240669973168,0.10974192048360842,0.10974192048360842,0.894750913465823,0.0003554923569143442,0.014963142259874607,0.014963142259874607,0.9996036464526358,0.11375661375661383,0.19300911854103342,0.19300911854103342,0.8774928774928774
German Credit,Logistic Regression,1000,0.7233333333333334,0.8309572301425662,0.6857142857142857,0.06799999999999995,0.05820105820105825,0.01674029295512669,0.9282700421940929,0.0447303921568627,0.03302373581011353,0.03302373581011353,0.9529639175257733,0.11264167393199653,0.1105263157894737,0.08333333333333337,0.8815982404692082
German Credit,Random Forest,42,0.66,0.7702702702702703,0.5857407407407408,0.06710957867294587,0.051421404682274185,0.051421404682274185,0.9151063829787235,0.03247549019607843,0.09090909090909094,0.015873015873015817,0.959511077158136,0.12745098039215685,0.2692307692307693,0.18300653594771232,0.8470588235294118
German Credit,Random Forest,123,0.68,0.7876106194690266,0.6312962962962962,0.07350096711798848,0.19444444444444442,0.016765098113926458,0.9101654846335696,0.01589527816736802,0.0825325042396835,0.01690924657534243,0.9804147465437787,0.08054169636493236,0.2647058823529411,0.025757575757575757,0.9017391304347825
German Credit,Random Forest,456,0.6633333333333333,0.766743648960739,0.6185714285714287,0.18903266672699304,0.17647058823529416,0.13756613756613756,0.7546394174301151,0.04770702021299711,0.061422413793103425,0.017094017094017033,0.936979615274189,0.2531713900134953,0.32499999999999996,0.17053291536050152,0.6752077562326869
German Credit,Random Forest,789,0.67,0.7755102040816326,0.6193386243386243,0.18855191478982025,0.234375,0.0843989769820972,0.7645446238196771,0.010512416840180894,0.04629629629629639,0.030696446253713372,0.9864075119837151,0.2873015873015873,0.2775919732441471,0.2507598784194528,0.6591337099811676
German Credit,Random Forest,1000,0.67,0.7814569536423841,0.5916402116402116,0.10799999999999998,0.09523809523809523,0.0676586840269704,0.8695652173913043,0.04227941176470584,0.20814479638009042,0.07120743034055732,0.9486607142857143,0.15334987593052118,0.23720930232558146,0.18333333333333335,0.8154121863799282
German Credit,XGBoost,42,0.6366666666666667,0.7505720823798627,0.5693386243386243,0.08989992431250526,0.1011705685618729,0.1011705685618729,0.8833606110201855,0.051470588235294046,0.13875598086124397,0.01814058956916098,0.9349845201238391,0.23030303030303034,0.30065359477124176,0.30065359477124176,0.7333333333333333
German Credit,XGBoost,123,0.62,0.7348837209302326,0.6082539682539683,0.06223194012278199,0.07277576681272624,0.07277576681272624,0.9162516976007242,0.012466884837151304,0.05200678349349919,0.003424657534246589,0.9831968073934048,0.17701863354037262,0.30952380952380953,0.108843537414966,0.774703557312253
German Credit,XGBoost,456,0.6833333333333333,0.7806004618937644,0.656957671957672,0.0804452085784092,0.10052910052910047,0.10052910052910047,0.8934308319347878,0.015105411866985441,0.05818965517241381,0.03846153846153855,0.9797965116279069,0.09139784946236562,0.20454545454545459,0.20454545454545459,0.8794326241134751
German Credit,XGBoost,789,0.6866666666666666,0.7873303167420814,0.6391534391534391,0.26571265956581847,0.3112980769230769,0.14926761218321327,0.6746640119462418,0.015032248235234413,0.08333333333333326,0.010562218065793827,0.9808141042260824,0.3571428571428571,0.4414715719063545,0.2056737588652483,0.5833333333333334
German Credit,XGBoost,1000,0.6766666666666666,0.7886710239651417,0.5996031746031746,0.01200000000000001,0.10625435945129047,0.10625435945129047,0.985576923076923,0.02573529411764708,0.06636500754147812,0.02098383212934296,0.9692982456140351,0.12054329371816641,0.15492957746478875,0.15492957746478875,0.8652751423149905
Adult Income,Logistic Regression,42,0.8527996724332071,0.661487758945386,0.9039543567865329,0.22041448765880445,0.30545408741655117,0.30545408741655117,0.052746697837521915,0.16634084186315834,0.0679330569114096,0.06542252455691089,0.33076587198962015,0.2788798686874827,0.45238095238095233,0.45238095238095233,0.03193028905271582
Adult Income,Logistic Regression,123,0.8508547446002661,0.6546575017776725,0.8971724155483954,0.21849051233453082,0.2359239198891548,0.2359239198891548,0.04234817581304791,0.1763863469022825,0.11906300864363656,0.11906300864363656,0.28971940844718447,0.2787934138046599,0.29850459385691763,0.29850459385691763,0.023024308503940567
Adult Income,Logistic Regression,456,0.8519807554509161,0.6579943235572374,0.9021231790545531,0.21350230024596545,0.2994583700717975,0.2994583700717975,0.06559582155993196,0.1696727827533531,0.10329762667246434,0.10329762667246434,0.31711941756057893,0.27541102514506766,0.4267689375028367,0.4267689375028367,0.03580497714575927
Adult Income,Logistic Regression,789,0.852492578564848,0.6560038195273334,0.9058867395549294,0.21752597048212838,0.46232876712328763,0.46232876712328763,0.03448999066704418,0.16320366288185562,0.07159446515943502,0.07159446515943502,0.327522256559101,0.2741021681152057,0.5969924812030075,0.5969924812030075,0.023259896792788472
Adult Income,Logistic Regression,1000,0.8461459719520934,0.6439232409381663,0.900895247542188,0.21367514063884038,0.11185280273855369,0.11185280273855369,0.06453394231162772,0.17000649991847866,0.1082183878794048,0.1082183878794048,0.3130435315215026,0.2762341826088721,0.1945674044265593,0.1945674044265593,0.03800842398570682
Adult Income,Random Forest,42,0.8372402497696796,0.6472937000887311,0.8819946982433259,0.23780092865590627,0.21007683587353576,0.21007683587353576,0.0935667534960772,0.18267442784393717,0.09070025143810784,0.05626096165591754,0.34879490453897605,0.30910138841475676,0.3095238095238095,0.3095238095238095,0.04077868421262673
Adult Income,Random Forest,123,0.8366260620329614,0.6431127012522362,0.8773684730060285,0.2365868043832556,0.20108325985640507,0.20108325985640507,0.07985199234834484,0.1927672910869503,0.09672635667381396,0.07826281120911016,0.3104259505832673,0.31288573893154564,0.23957252143159186,0.23957252143159186,0.01652168561737311
Adult Income,Random Forest,456,0.8407206469444161,0.6519015659955257,0.8759674811680098,0.23108480256900515,0.09071671495150524,0.09071671495150524,0.0982572323643975,0.19572147730212408,0.10151719031865691,0.10151719031865691,0.3057105375354466,0.2998802966483062,0.4696969696969697,0.4696969696969697,0.06711259068039344
Adult Income,Random Forest,789,0.8349882280683796,0.6384028712427098,0.8807737315635435,0.23488483387632925,0.42037671232876717,0.42037671232876717,0.0817828995351224,0.1784032224387364,0.08148579430859039,0.05874572813351853,0.3520043938474515,0.3013256104901901,0.4342219184324448,0.4342219184324448,0.045489241784332723
Adult Income,Random Forest,1000,0.8292558091923431,0.6268456375838927,0.8737730143290969,0.23310281593197915,0.10038491151826509,0.00436456996148904,0.09396291140160429,0.19464868466414292,0.10211290585489968,0.09931117558236202,0.30756297168416363,0.3139848882735321,0.1590836064520275,0.10063533060829155,0.02951706832241802
Adult Income,XGBoost,42,0.8674378134916573,0.697359196073849,0.9207850896864072,0.21930171945969165,0.1649578032497796,0.1649578032497796,0.06944009720579504,0.16083355576776037,0.059631408191053614,0.059631408191053614,0.3564698773482426,0.27923574057360373,0.23809523809523808,0.23809523809523808,0.03189089326116404
Adult Income,XGBoost,123,0.8687685535878801,0.7011655011655011,0.9177452412136488,0.22215203308818493,0.17009698954528274,0.17009698954528274,0.058841021177835795,0.17219761515438387,0.10066810433474549,0.10066810433474549,0.32270306315915764,0.2787086505716336,0.36538461538461536,0.36538461538461536,0.045025314407706
Adult Income,XGBoost,456,0.8670283550005118,0.6974143955276031,0.9203773173689052,0.21935711522129042,0.22635092580929594,0.22635092580929594,0.07108625697455627,0.1768751404396256,0.08337201718150467,0.08337201718150467,0.3131471616043127,0.2819310122501612,0.3939393939393939,0.3939393939393939,0.046136227299994545
Adult Income,XGBoost,789,0.8666188965093664,0.6950620173180435,0.9232372266690146,0.22501647888222384,0.3839897260273972,0.3839897260273972,0.04320724105541798,0.16372123624050444,0.05915490522651701,0.05915490522651701,0.3489225256482265,0.2835816887734064,0.4421052631578947,0.4421052631578947,0.022499863173788603
Adult Income,XGBoost,1000,0.8642645101852799,0.6874115983026874,0.9193009784471966,0.21413592711787954,0.061467820260404864,0.047068891741548935,0.07157930202865655,0.1690518332735384,0.09126075227770147,0.09126075227770147,0.321926981437469,0.2790323878254231,0.4,0.4,0.03309211697016431
