dataset,mitigation,protected_attribute,strength,alpha,seed,accuracy,f1,roc_auc,age_dpd,age_eod,age_eopd,age_di_ratio,sex_dpd,sex_eod,sex_eopd,sex_di_ratio,intersection_dpd,intersection_eod,intersection_eopd,intersection_di_ratio
German Credit,Adversarial Debiasing,Age,weak,0.1,42,0.7066666666666667,0.811965811965812,,0.06105457909343204,0.053830227743271175,0.022993311036789366,0.9297872340425531,0.0085784313725491,0.0031897926634768536,0.0,0.9900568181818181,0.1272727272727272,0.17647058823529416,0.17647058823529416,0.8576271186440678
German Credit,Adversarial Debiasing,Age,weak,0.1,123,0.72,0.8264462809917356,,0.0018501387604070718,0.015240998285387719,0.015240998285387719,0.9979777553083923,0.03210222845566457,0.04601883561643838,0.04601883561643838,0.9656838247542896,0.08152173913043481,0.07499999999999996,0.0714285714285714,0.9147727272727273
German Credit,Adversarial Debiasing,Age,weak,0.1,456,0.7066666666666667,0.8095238095238095,,0.13899194643018742,0.1957671957671957,0.1957671957671957,0.8383668315268862,0.02868941534449032,0.047720797720797736,0.047720797720797736,0.9666582470320788,0.25551782682512736,0.31818181818181823,0.31818181818181823,0.7119617224880382
German Credit,Adversarial Debiasing,Age,weak,0.1,789,0.6933333333333334,0.8059071729957806,,0.10049597528254328,0.14252499418739828,0.14252499418739828,0.8878911564625851,0.051190899395663014,0.05555555555555558,0.03421718560897791,0.9429024583663759,0.12829957028852057,0.22188449848024316,0.22188449848024316,0.8584010840108401
German Credit,Adversarial Debiasing,Age,weak,0.1,1000,0.6966666666666667,0.814663951120163,,0.027999999999999914,0.08994708994708989,0.004650081376424087,0.9708333333333334,0.01409313725490191,0.040723981900452566,0.03095975232198145,0.9850260416666667,0.07692307692307687,0.13953488372093026,0.08333333333333337,0.9230769230769231
German Credit,Adversarial Debiasing,Age,medium,1.0,42,0.6966666666666667,0.8076109936575053,,0.020099234715330927,0.07453416149068315,0.015468227424749181,0.9775079992471297,0.028186274509803932,0.038548752834467126,0.038548752834467126,0.9685362517099864,0.0802139037433155,0.11764705882352944,0.11764705882352944,0.9147727272727273
German Credit,Adversarial Debiasing,Age,medium,1.0,123,0.7166666666666667,0.8218029350104822,,0.029518122950130343,0.05555555555555558,0.03734044579919993,0.967736005147532,0.03475144148355924,0.05709440361786322,0.028467465753424626,0.9619778346121057,0.16666666666666663,0.30000000000000004,0.0757575757575758,0.8333333333333334
German Credit,Adversarial Debiasing,Age,medium,1.0,456,0.7,0.801762114537445,,0.1350104062980726,0.1693121693121693,0.1693121693121693,0.8378613344925017,0.08237339708758962,0.14331896551724133,0.07977207977207978,0.9055451713395639,0.28777589134125636,0.2857142857142857,0.27727272727272734,0.6869806094182825
German Credit,Adversarial Debiasing,Age,medium,1.0,789,0.68,0.7957446808510639,,0.03577526628181149,0.023482910950941682,0.023482910950941682,0.9589972975491567,0.02945508100147276,0.03883815601276275,0.03883815601276275,0.9667774086378738,0.11616161616161613,0.23076923076923084,0.07902735562310037,0.8693181818181819
German Credit,Adversarial Debiasing,Age,medium,1.0,1000,0.69,0.8098159509202454,,0.05999999999999994,0.1428571428571429,0.01534526854219953,0.9387755102040817,0.011029411764705843,0.040723981900452566,0.006191950464396245,0.9882352941176471,0.08108108108108103,0.15000000000000002,0.08333333333333337,0.918918918918919
German Credit,Adversarial Debiasing,Age,strong,10.0,42,0.6066666666666667,0.7216981132075472,,0.11285846438482883,0.2960662525879917,0.0025083612040133207,0.8604118993135011,0.06924019607843135,0.12599681020733655,0.04761904761904756,0.9089443996776794,0.14884135472370774,0.3312401883830456,0.0980392156862745,0.8213903743315507
German Credit,Adversarial Debiasing,Age,strong,10.0,123,0.6833333333333333,0.7991543340380549,,0.09578672945925493,0.11602209944751385,0.11602209944751385,0.8999560825647782,0.05407511298114376,0.05879027699265116,0.05393835616438358,0.940835464620631,0.14754098360655743,0.19999999999999996,0.12878787878787878,0.8524590163934426
German Credit,Adversarial Debiasing,Age,strong,10.0,456,0.6566666666666666,0.7541766109785203,,0.055470093204234905,0.21256684491978617,0.010582010582010581,0.9254620622568094,0.19702238643773096,0.23361823361823364,0.23361823361823364,0.7646677050882659,0.20713073005093385,0.3571428571428571,0.26489028213166144,0.7530364372469635
German Credit,Adversarial Debiasing,Age,strong,10.0,789,0.6733333333333333,0.7896995708154506,,0.019839011301731824,0.01081730769230771,0.0074401302022785165,0.9768391077361177,0.04915951449900968,0.10185185185185186,0.0358675321817582,0.94455264062321,0.19865319865319864,0.3846153846153846,0.05775075987841949,0.7854545454545455
German Credit,Adversarial Debiasing,Age,strong,10.0,1000,0.6833333333333333,0.8065173116089613,,0.051999999999999935,0.11111111111111116,0.01534526854219953,0.9469387755102041,0.016544117647058765,0.04675716440422317,0.006191950464396245,0.9825468648998061,0.07567567567567568,0.11627906976744184,0.08333333333333337,0.9243243243243243
German Credit,Adversarial Debiasing,Sex,weak,0.1,42,0.71,0.8213552361396304,,0.010007568749474394,0.010451505016722429,0.010451505016722429,0.9891798508819786,0.0404411764705882,0.05901116427432207,0.0226757369614512,0.9568062827225131,0.1333333333333333,0.23076923076923073,0.06521739130434778,0.8666666666666667
German Credit,Adversarial Debiasing,Sex,weak,0.1,123,0.72,0.8264462809917356,,0.023379026154234372,0.02476662221375503,0.02476662221375503,0.9745047688921495,0.04768583450210384,0.05879027699265116,0.04601883561643838,0.9496047430830039,0.12318840579710144,0.1428571428571429,0.1428571428571429,0.8712121212121212
German Credit,Adversarial Debiasing,Sex,weak,0.1,456,0.7033333333333334,0.802660753880266,,0.17763098362139174,0.26984126984126977,0.26984126984126977,0.7856752920624522,0.031188871984351274,0.1293103448275862,0.01139601139601143,0.9622219297090956,0.3285229202037352,0.36363636363636365,0.36363636363636365,0.6156901688182721
German Credit,Adversarial Debiasing,Sex,weak,0.1,789,0.6933333333333334,0.8059071729957806,,0.12488820229286934,0.11298076923076927,0.09369913973494537,0.8612967310818133,0.00548473922096393,0.011992518428870058,0.011992518428870058,0.9937798767494096,0.14155844155844155,0.17173252279635265,0.17173252279635265,0.8451704545454546
German Credit,Adversarial Debiasing,Sex,weak,0.1,1000,0.7066666666666667,0.8189300411522634,,0.02400000000000002,0.009997674959311809,0.009997674959311809,0.974025974025974,0.020220588235294157,0.02865761689291102,0.02442380460956317,0.9781746031746031,0.07640067911714765,0.08333333333333337,0.08333333333333337,0.9193548387096775
German Credit,Adversarial Debiasing,Sex,medium,1.0,42,0.6966666666666667,0.8123711340206186,,0.0021024304095534907,0.0496894409937888,0.017140468227424654,0.9977072633895817,0.0,0.019138755980861233,0.0022675736961451642,1.0,0.1333333333333333,0.16326530612244894,0.11764705882352944,0.8666666666666667
German Credit,Adversarial Debiasing,Sex,medium,1.0,123,0.7266666666666667,0.8305785123966942,,0.023379026154234372,0.04166666666666663,0.009716136406934694,0.9745047688921495,0.04768583450210384,0.075183719615602,0.0391695205479452,0.9496047430830039,0.12318840579710144,0.17500000000000004,0.0714285714285714,0.8712121212121212
German Credit,Adversarial Debiasing,Sex,medium,1.0,456,0.6866666666666666,0.7901785714285714,,0.13881096733327303,0.1957671957671958,0.1957671957671958,0.8293090018916212,0.07780917191914793,0.11206896551724133,0.08689458689458696,0.9083344002048395,0.3446519524617997,0.38636363636363635,0.38636363636363635,0.6042884990253411
German Credit,Adversarial Debiasing,Sex,medium,1.0,789,0.6933333333333334,0.8050847457627118,,0.09252784779250345,0.09735576923076927,0.03952569169960474,0.8958543058478997,0.010867909197095127,0.03703703703703698,0.018703927824843203,0.9876056990617398,0.11677548970366647,0.16135084427767354,0.07902735562310037,0.8687182382834557
German Credit,Adversarial Debiasing,Sex,medium,1.0,1000,0.7066666666666667,0.8181818181818182,,0.016000000000000014,0.01534526854219953,0.01534526854219953,0.982532751091703,0.04105392156862753,0.04196766425868603,0.04196766425868603,0.9556878306878306,0.07640067911714765,0.0888888888888889,0.0888888888888889,0.9193548387096775
German Credit,Adversarial Debiasing,Sex,strong,10.0,42,0.69,0.8042105263157895,,0.012194096375409913,0.04554865424430632,0.015468227424749181,0.9863542254846603,0.033700980392156854,0.08931419457735246,0.015873015873015817,0.9628127112914131,0.03743315508021383,0.17307692307692313,0.11764705882352944,0.9588235294117647
German Credit,Adversarial Debiasing,Sex,strong,10.0,123,0.6866666666666666,0.8016877637130801,,0.06660499537465314,0.08333333333333326,0.07048961706991808,0.9288537549407114,0.01309022907900892,0.042962125494629744,0.0021404109589041598,0.985193019566367,0.17142857142857137,0.2857142857142857,0.12244897959183676,0.8285714285714286
German Credit,Adversarial Debiasing,Sex,strong,10.0,456,0.7033333333333334,0.8,,0.09999095104515432,0.14814814814814814,0.14814814814814814,0.8746454906409529,0.12442947185394482,0.22952586206896552,0.10541310541310545,0.8573208722741432,0.28777589134125636,0.2857142857142857,0.27727272727272734,0.6869806094182825
German Credit,Adversarial Debiasing,Sex,strong,10.0,789,0.6466666666666666,0.7644444444444445,,0.004878445402065168,0.019230769230769273,0.007905138339920903,0.9939080109655803,0.08227108831445828,0.12962962962962965,0.07019474089558808,0.9038518606445487,0.20707070707070707,0.3076923076923077,0.09456264775413714,0.7670454545454546
German Credit,Adversarial Debiasing,Sex,strong,10.0,1000,0.71,0.8256513026052105,,0.020000000000000018,0.05820105820105814,0.021390374331550777,0.9795918367346939,0.03799019607843135,0.043740573152337814,0.022015823873409057,0.9610552763819096,0.07692307692307687,0.15000000000000002,0.0444444444444444,0.9230769230769231
Adult Income,Adversarial Debiasing,Age,weak,0.1,42,0.8321220186303614,0.5464601769911505,,0.1483600993904653,0.24537095352059454,0.24537095352059454,0.04513923251727686,0.1319650404450021,0.14953239607089425,0.14953239607089425,0.23544063869165463,0.1973718791064389,0.3020923520923521,0.3020923520923521,0.013140604467805518
Adult Income,Adversarial Debiasing,Age,weak,0.1,123,0.8495240045040434,0.631578947368421,,0.19171845627373255,0.24335558634588733,0.24335558634588733,0.042234091287689485,0.14729424251986573,0.08316929423032854,0.08316929423032854,0.31635583640568643,0.239968398055513,0.3189559066620536,0.3189559066620536,0.031810671211667814
Adult Income,Adversarial Debiasing,Age,weak,0.1,456,0.8479885351622479,0.6486870120652946,,0.20831812515670714,0.23164126464290208,0.23164126464290208,0.08432711237412674,0.15845153865181738,0.05881609796513154,0.05881609796513154,0.35228587334805694,0.26835106382978724,0.4848484848484848,0.4848484848484848,0.04450757575757576
Adult Income,Adversarial Debiasing,Age,weak,0.1,789,0.8490121813901116,0.6289308176100629,,0.18892942490472964,0.4092465753424658,0.4092465753424658,0.04818131672141196,0.14084149213562314,0.06061007728260309,0.06061007728260309,0.33969118622129935,0.23827692118020707,0.5423558897243108,0.5423558897243108,0.031826841338271905
Adult Income,Adversarial Debiasing,Age,weak,0.1,1000,0.8391851776026206,0.6402564689718342,,0.226052176600782,0.19563543003851092,0.19563543003851092,0.07925367220075015,0.17705328881569704,0.0978096740808605,0.0978096740808605,0.3312456030991397,0.2879446824441783,0.21016096579476862,0.21016096579476862,0.06220467988553944
Adult Income,Adversarial Debiasing,Age,medium,1.0,42,0.24076159279353054,0.38808679151885156,,0.0,0.0,0.0,1.0,0.0,0.0,0.0,1.0,0.0,0.0,0.0,1.0
Adult Income,Adversarial Debiasing,Age,medium,1.0,123,0.8111372709591566,0.4625691814739295,,0.09252401614632923,0.04378385187051265,0.04378385187051265,0.2676611287852009,0.07457710586457826,0.0349094797952792,0.0349094797952792,0.4469562935885208,0.11722540748828578,0.5961538461538461,0.5961538461538461,0.22235936078991816
Adult Income,Adversarial Debiasing,Age,medium,1.0,456,0.8052001228375474,0.5415562515056613,,0.12157964037361642,0.24436326993324098,0.24436326993324098,0.4066767068273092,0.09975664999329666,0.024270170403735136,0.005276672758148582,0.5409926902213873,0.16716634429400387,0.40909090909090906,0.40909090909090906,0.30316468453940737
Adult Income,Adversarial Debiasing,Age,medium,1.0,789,0.24076159279353054,0.38808679151885156,,0.0,0.0,0.0,1.0,0.0,0.0,0.0,1.0,0.0,0.0,0.0,1.0
Adult Income,Adversarial Debiasing,Age,medium,1.0,1000,0.7785853209130924,0.16839677047289503,,0.025135613937910903,0.040479246897732135,0.040479246897732135,0.15800908165661942,0.01723828401773215,0.00345260514752041,0.00345260514752041,0.44719189194115827,0.031695032011639854,0.2,0.2,0.11586708203530634
Adult Income,Adversarial Debiasing,Age,strong,10.0,42,0.8436892210052206,0.6441388953623864,,0.21724815369111636,0.23635218541378006,0.23635218541378006,0.08153954751153422,0.17892820387649677,0.12307873340692471,0.12307873340692471,0.30399153376638016,0.2783835924330399,0.38095238095238093,0.38095238095238093,0.0637248417272985
Adult Income,Adversarial Debiasing,Age,strong,10.0,123,0.8254683181492476,0.5267832361920621,,0.11056954574604724,0.05091321325103915,0.05091321325103915,0.24680879543435671,0.09753224896487755,0.06004418772732878,0.06004418772732878,0.3892667522123417,0.14597212089757589,0.5192307692307692,0.5192307692307692,0.18674711941340782
Adult Income,Adversarial Debiasing,Age,strong,10.0,456,0.7192138396970007,0.3758816837315131,,0.29364517273972457,0.37171986916347693,0.06101524121425872,0.3512580819472046,0.025148795193235485,0.10122632695392608,0.10122632695392608,0.8886806054729944,0.3752477739023178,0.43168992740848355,0.3939393939393939,0.2644396869775462
Adult Income,Adversarial Debiasing,Age,strong,10.0,789,0.8431773978912888,0.6024909185262065,,0.17254127989529117,0.3082191780821918,0.3082191780821918,0.05869662935830368,0.1268164820650316,0.07046202433162935,0.07046202433162935,0.3536835290520978,0.21651252002302487,0.32394622920938715,0.32394622920938715,0.043821880372249544
Adult Income,Adversarial Debiasing,Age,strong,10.0,1000,0.8158460436073293,0.4064665127020785,,0.07768608791475895,0.062302096705177556,0.062302096705177556,0.06394061531962827,0.05983022906409985,0.028978130673045915,0.028978130673045915,0.32977849565523765,0.099510026759381,0.06659959758551309,0.06659959758551309,0.039504430293102716
Adult Income,Adversarial Debiasing,Sex,weak,0.1,42,0.8019244549083837,0.34071550255536626,,0.07022479774411669,0.09562917243985389,0.09562917243985389,0.02435962030673734,0.020410392707386205,0.08202260412522486,0.08202260412522486,0.6924397245698913,0.07634950365236935,0.26190476190476186,0.26190476190476186,0.013599516031457955
Adult Income,Adversarial Debiasing,Sex,weak,0.1,123,0.8103183539768656,0.48769698645286147,,0.15155985116033135,0.19997480791031616,0.19997480791031616,0.023347837598277906,0.11740220124884057,0.26517924822103267,0.26517924822103267,0.29940820231252463,0.19167454603875844,0.2680860168718036,0.2680860168718036,0.00680900531233701
Adult Income,Adversarial Debiasing,Sex,weak,0.1,456,0.7645613675913604,0.058919803600654665,,0.011356622639180348,0.030835117773019272,0.030835117773019272,0.0,0.005809527046547593,0.011564022258392433,0.011564022258392433,0.4881335629258067,0.013120567375886525,0.032451323015476784,0.032451323015476784,0.0
Adult Income,Adversarial Debiasing,Sex,weak,0.1,789,0.7592384072064694,0.0,,0.0,0.0,0.0,,0.0,0.0,0.0,,0.0,0.0,0.0,
Adult Income,Adversarial Debiasing,Sex,weak,0.1,1000,0.7592384072064694,0.0,,0.0,0.0,0.0,,0.0,0.0,0.0,,0.0,0.0,0.0,
Adult Income,Adversarial Debiasing,Sex,medium,1.0,42,0.8304841846657796,0.555077915099409,,0.15301208262307506,0.2053911071923416,0.2053911071923416,0.08397372824907968,0.0058687479867899905,0.3089407888469879,0.3089407888469879,0.9587176934976336,0.16577867967704332,0.5585513078470825,0.5585513078470825,0.030771172535655686
Adult Income,Adversarial Debiasing,Sex,medium,1.0,123,0.8198382638959976,0.5514780835881753,,0.1748578800291296,0.2263761178989797,0.2263761178989797,0.08239199180056372,0.006563967220325706,0.29198568599683866,0.29198568599683866,0.9603030303030302,0.20470452309805304,0.6730769230769231,0.6730769230769231,0.016110795169437662
Adult Income,Adversarial Debiasing,Sex,medium,1.0,456,0.8167673252124066,0.5085118066996156,,0.13465889428933336,0.10031490112104796,0.10031490112104796,0.1314715743328904,0.019354185431288917,0.35216796037207004,0.35216796037207004,0.8664931030440389,0.17538001920874735,0.8333333333333334,0.8333333333333334,0.0190676652892562
Adult Income,Adversarial Debiasing,Sex,medium,1.0,789,0.7592384072064694,0.0,,0.0,0.0,0.0,,0.0,0.0,0.0,,0.0,0.0,0.0,
Adult Income,Adversarial Debiasing,Sex,medium,1.0,1000,0.8165625959668339,0.46539379474940334,,0.10674587315276406,0.023739045049395287,0.0017115960633290461,0.11704976028456542,0.02946260235287386,0.3877436758792691,0.3877436758792691,0.7586908177849646,0.1451687580827423,0.46189111747851,0.46189111747851,0.03453097957770855
Adult Income,Adversarial Debiasing,Sex,strong,10.0,42,0.8476814412938888,0.628927680798005,,0.19017006887093701,0.3030356468069026,0.3030356468069026,0.06333104219926007,0.09246639574867146,0.1122277446865736,0.1122277446865736,0.5376680212566427,0.22027158643940814,0.4195171026156942,0.4195171026156942,0.04994143070646686
Adult Income,Adversarial Debiasing,Sex,strong,10.0,123,0.8229092025795884,0.527580557072638,,0.14547252545714487,0.17669731704244868,0.17669731704244868,0.08368121193026676,0.026176836206814103,0.34958250824112863,0.34958250824112863,0.8275376425376426,0.1892105458527441,0.6730769230769231,0.6730769230769231,0.01167246331147978
Adult Income,Adversarial Debiasing,Sex,strong,10.0,456,0.812672740300952,0.4986301369863014,,0.13203161702214578,0.04157992517804722,0.03421085779065369,0.1504462831640962,0.036112480102419436,0.3808429749152383,0.3808429749152383,0.7699422591122338,0.1884655166044845,0.7424242424242424,0.7424242424242424,0.023550239234449762
Adult Income,Adversarial Debiasing,Sex,strong,10.0,789,0.8334527587265841,0.5824993584808827,,0.17064008053979857,0.2970890410958904,0.2970890410958904,0.08931964927474673,0.005202597906803663,0.3084763051884808,0.3084763051884808,0.9674624820034551,0.18659835785980408,0.5718475073313782,0.5718475073313782,0.0342378379363445
Adult Income,Adversarial Debiasing,Sex,strong,10.0,1000,0.8002866209438019,0.488060876410391,,0.15004570616240015,0.06376335066544869,0.00462130937098848,0.14454873880716343,0.08840609133593362,0.46563512665207585,0.46563512665207585,0.5760973896863926,0.24814403998464438,0.4936962750716332,0.4936962750716332,0.028459598553056496
